challan_no,unloading_date,vehicle_no,supplier,gross_wt_kg,tare_wt_kg,net_wt_kg,po_rate_per_kg,supplier_rate_per_kg,cess_paid_rs,balance_cess_rs,moisture_pct,mc_deduction_rs,akshaya_margin_per_mt,invoice_no,status,material
3862,2025-11-19,AP39TJ6260,,13980,3620,10360,,,,,,,,,,MAIZE
3863,2025-11-19,AP03BC1645,,14120,3710,10410,,,,,,,,,,MAIZE
3866,2025-11-19,AP39UR1675,,11860,3680,8180,,,,,,,,,,MAIZE
3868,2025-11-19,AP40AZ8744,,13840,3650,10190,,,,,,,,,,MAIZE
3869,2025-11-19,AP03TB3926,,14100,3660,10440,,,,,,,,,,MAIZE
3871,2025-11-19,AP39UG7334,,13970,3670,10300,,,,,,,,,,MAIZE
3873,2025-11-19,AP39UR3927,,13760,3820,9940,,,,,,,,,,MAIZE
3874,2025-11-19,AP39TJ6260,,13900,3650,10250,,,,,,,,,,MAIZE
3876,2025-11-19,AP40CA2390,,14030,3600,10430,,,,,,,,,,MAIZE
3882,2025-11-20,AP40CY4051,,13200,3560,9640,,,,,,,,,,MAIZE
3883,2025-11-20,AP03BC1645,,14080,3710,10370,,,,,,,,,,MAIZE
3884,2025-11-20,AP39UJ7376,,13760,3700,10060,,,,,,,,,,MAIZE
3885,2025-11-20,AP26TT9699,,29820,9440,20380,,,,,,,,,,MAIZE
3887,2025-11-20,AP39UF2130,,13630,3710,9920,,,,,,,,,,MAIZE
3889,2025-11-20,AP40AZ8744,,14190,3670,10520,,,,,,,,,,MAIZE
3893,2025-11-20,AP39TJ6260,,14710,3630,11080,,,,,,,,,,MAIZE
3894,2025-11-20,AP39TH9281,,14760,3670,11090,,,,,,,,,,MAIZE
3899,2025-11-20,AP39UR3927,,14750,3830,10920,,,,,,,,,,MAIZE
3900,2025-11-20,AP39UH1983,,14960,3880,11080,,,,,,,,,,MAIZE
3901,2025-11-20,AP39WA1944,,13900,3650,10250,,,,,,,,,,MAIZE
3903,2025-11-20,AP07TH7178,,48130,12170,35960,,,,,,,,,,MAIZE
3906,2025-11-20,AP40DT1074,,14510,3780,10730,,,,,,,,,,MAIZE
3912,2025-11-21,AP39TL6276,,14700,3660,11040,,,,,,,,,,MAIZE
3913,2025-11-21,AP39W4021,,13960,3750,10210,,,,,,,,,,MAIZE
3919,2025-11-21,AP39TY0493,,12690,3830,8860,,,,,,,,,,MAIZE
3920,2025-11-21,AP03BC11645,,14020,3710,10310,,,,,,,,,,MAIZE
3921,2025-11-21,AP40AZ8744,,13950,3660,10290,,,,,,,,,,MAIZE
3922,2025-11-21,AP39TH9281,,13960,3670,10290,,,,,,,,,,MAIZE
3924,2025-11-21,AP07TJ2166,,43420,12190,31230,,,,,,,,,,MAIZE
3926,2025-11-21,AP03TX5356,,13250,3480,9770,,,,,,,,,,MAIZE
3927,2025-11-21,AP07TF0007,,44740,12330,32410,,,,,,,,,,MAIZE
3929,2025-11-21,AP39TJ6260,,13890,3610,10280,,,,,,,,,,MAIZE
3935,2025-11-22,AP27Y8478,,31560,8700,22860,,,,,,,,,,MAIZE
3940,2025-11-22,AP39UR3927,,13470,3820,9650,,,,,,,,,,MAIZE
3941,2025-11-22,AP39UJ7376,,14280,3700,10580,,,,,,,,,,MAIZE
3943,2025-11-22,AP39TL6276,,9750,3670,6080,,,,,,,,,,MAIZE
3959,2025-11-22,AP39W4021,,14420,3740,10680,,,,,,,,,,MAIZE
3962,2025-11-23,AP39UR1675,,13810,3690,10120,,,,,,,,,,MAIZE
3964,2025-11-23,AP39UH1983,,15500,3880,11620,,,,,,,,,,MAIZE
3967,2025-11-23,AP27UB5558,,16900,5680,11220,,,,,,,,,,MAIZE
3970,2025-11-23,AP39TJ6260,,14370,3610,10760,,,,,,,,,,MAIZE
3972,2025-11-23,AP03TB3926,,13500,3650,9850,,,,,,,,,,MAIZE
3973,2025-11-23,AP39UJ7376,,13370,3710,9660,,,,,,,,,,MAIZE
3974,2025-11-23,AP27Y8478,,29850,8730,21120,,,,,,,,,,MAIZE
3975,2025-11-23,AP07TJ2166,,41740,12190,29550,,,,,,,,,,MAIZE
3982,2025-11-23,AP07TH2788,,40610,10400,30210,,,,,,,,,,MAIZE
3983,2025-11-23,AP39UF2130,,14270,3730,10540,,,,,,,,,,MAIZE
4002,2025-11-24,AP27Y8478,,32020,8730,23290,,,,,,,,,,MAIZE
4038,2025-11-25,AP39UU5888,,23980,6060,17920,,,,,,,,,,MAIZE
4061,2025-11-26,AP07TW1269,,30010,9230,20780,,,,,,,,,,MAIZE
4083,2025-11-27,AP04X2766,,27850,8740,19110,,,,,,,,,,MAIZE
4120,2025-11-29,FR,,8150,3720,4430,,,,,,,,,,MAIZE
4132,2025-11-30,AP07TD2408,,13900,3840,10060,,,,,,,,,,MAIZE
4134,2025-11-30,AP40CA2390,,14140,3620,10520,,,,,,,,,,MAIZE
4179,2025-12-02,AP39UG7334,,13510,3680,9830,,,,,,,,,,MAIZE
4186,2025-12-02,AP39TY3060,,14110,3660,10450,,,,,,,,,,MAIZE
4187,2025-12-02,AP27UB1667,,13690,3700,9990,,,,,,,,,,MAIZE
4208,2025-12-03,AP40CA2390,,11800,3590,8210,,,,,,,,,,MAIZE
4226,2025-12-04,AP39UB7376,,12820,3700,9120,,,,,,,,,,MAIZE
4251,2025-12-05,AP39UG7334,,12220,3700,8520,,,,,,,,,,MAIZE
4320,2025-12-13,AP40CY4051,,13970,3570,10400,,,,,,,,,,MAIZE
4328,2025-12-14,AP39TH9281,,11850,3670,8180,,,,,,,,,,MAIZE
4392,2025-12-20,AP39TH9281,,15400,3660,11740,,,,,,,,,,MAIZE
4457,2025-12-28,AP39UJ7376,,14770,3750,11020,,,,,,,,,,MAIZE
4458,2025-12-28,AP27TY1227,,33530,10450,23080,,,,,,,,,,MAIZE
4459,2025-12-28,AP40CY4051,,11080,3560,7520,,,,,,,,,,MAIZE
4460,2025-12-28,AP39UG7334,,14050,3670,10380,,,,,,,,,,MAIZE
4465,2025-12-28,AP27TY0045,,16070,5320,10750,,,,,,,,,,MAIZE
4607,2026-01-08,AP39UG7334,,15280,3670,11610,,,,,,,,,,MAIZE
4608,2026-01-08,AP03TB3926,,15810,3640,12170,,,,,,,,,,MAIZE
4744,2026-01-28,AP39VD1339,,20450,6390,14060,,,,,,,,,,MAIZE
4810,2026-02-05,AP27TZ2077,,44780,11980,32800,,,,,,,,,,MAIZE
4854,2026-02-11,AP27UX4432,,10270,3760,6510,,,,,,,,,,MAIZE
4856,2026-02-11,AP39SZ6985,,10020,3700,6320,,,,,,,,,,MAIZE
4864,2026-02-12,AP39UT7868,,5910,3820,2090,,,,,,,,,,MAIZE
2526000016,2026-02-18,AP07TM3516,,6160,3490,2670,,,,,,,,,,MAIZE
2526000017,2026-02-18,FR,,9190,3490,5700,,,,,,,,,,MAIZE
2526000232,2026-03-11,AP26TT6449,,23080,9550,13530,,,,,,,,,,PADDY HUSK
2526000242,2026-03-12,AP29TA2309,,23720,9480,14240,,,,,,,,,,PADDY HUSK
2526000253,2026-03-14,AP29TA2309,,23030,9500,13530,,,,,,,,,,PADDY HUSK
2526000265,2026-03-15,AP29TA2309,,25260,9470,15790,,,,,,,,,,PADDY HUSK
2526000270,2026-03-17,AP29TA2309,,23630,9400,14230,,,,,,,,,,PADDY HUSK
2627000107,2026-04-08,TG07X0711,,29900,11960,17940,,,,,,,,,,PADDY HUSK
2627000145,2026-04-10,AP29TA9501,,10380,4930,5450,,,,,,,,,,PADDY HUSK
2627000153,2026-04-11,AP29TA9501,,9810,4890,4920,,,,,,,,,,PADDY HUSK
2627000157,2026-04-12,AP29TA9501,,10210,4880,5330,,,,,,,,,,PADDY HUSK
2627000164,2026-04-13,TG07X0711,,32040,11940,20100,,,,,,,,,,PADDY HUSK
2627000170,2026-04-15,TG07X2831,,30790,11730,19060,,,,,,,,,,PADDY HUSK
2627000174,2026-04-15,TS12UB1619,,29140,11690,17450,,,,,,,,,,PADDY HUSK
2627000210,2026-04-19,AP29TA9501,,10390,4850,5540,,,,,,,,,,PADDY HUSK
2627000240,2026-04-24,AP03TB3926,,14280,3640,10640,,,,,,,,,,MAIZE
2627000242,2026-04-24,AP40FS5229,,14380,3730,10650,,,,,,,,,,MAIZE
2627000247,2026-04-24,AP39E0229,,14340,3690,10650,,,,,,,,,,MAIZE
2627000248,2026-04-24,AP03TL0564,,14070,3480,10590,,,,,,,,,,MAIZE
2627000256,2026-04-25,FR,,12970,3740,9230,,,,,,,,,,MAIZE
2627000257,2026-04-25,AP39EW4447,,12660,3460,9200,,,,,,,,,,MAIZE
2627000265,2026-04-25,AP39TN1934,,10200,3820,6380,,,,,,,,,,MAIZE
2627000274,2026-04-25,AP03TB3926,,14160,3630,10530,,,,,,,,,,MAIZE
2627000277,2026-04-25,AP40KN4871,,15020,3680,11340,,,,,,,,,,MAIZE
2627000278,2026-04-25,AP27BH1439,,12700,3780,8920,,,,,,,,,,MAIZE
2627000279,2026-04-25,AP39UH5853,,13610,3780,9830,,,,,,,,,,MAIZE
2627000284,2026-04-26,AP39EW4447,,11420,3460,7960,,,,,,,,,,MAIZE
2627000285,2026-04-26,AP27AG3389,,15620,3860,11760,,,,,,,,,,MAIZE
2627000297,2026-04-26,AP39E5166,,16280,3850,12430,,,,,,,,,,MAIZE
2627000298,2026-04-26,AP27AG3389,,15510,3960,11550,,,,,,,,,,MAIZE
2627000300,2026-04-27,AP39E5166,,14960,3950,11010,,,,,,,,,,MAIZE
2627000301,2026-04-27,FR,,16540,4160,12380,,,,,,,,,,MAIZE
2627000302,2026-04-27,AP39BL8765,,16170,4030,12140,,,,,,,,,,MAIZE
2627000306,2026-04-27,AP39UG7334,,14400,3690,10710,,,,,,,,,,MAIZE
2627000309,2026-04-27,AP40FL0177,,15470,3980,11490,,,,,,,,,,MAIZE
2627000311,2026-04-27,AP27AG3389,,15480,3870,11610,,,,,,,,,,MAIZE
2627000312,2026-04-27,AP39E5166,,12550,4020,8530,,,,,,,,,,MAIZE
2627000315,2026-04-27,AP39BL8765,,15390,3790,11600,,,,,,,,,,MAIZE
2627000316,2026-04-27,FR,,16290,4050,12240,,,,,,,,,,MAIZE
2627000317,2026-04-27,AP40CA2390,,14190,3660,10530,,,,,,,,,,MAIZE
2627000319,2026-04-27,AP40KN4871,,14190,3700,10490,,,,,,,,,,MAIZE
2627000320,2026-04-27,AP03TB3926,,14050,3640,10410,,,,,,,,,,MAIZE
2627000321,2026-04-27,AP39FF0467,,15250,4010,11240,,,,,,,,,,MAIZE
2627000325,2026-04-27,AP39UH5853,,14720,3790,10930,,,,,,,,,,MAIZE
2627000340,2026-04-28,AP39BL8765,,14110,3750,10360,,,,,,,,,,MAIZE
2627000342,2026-04-28,AP39UH5853,,14290,3800,10490,,,,,,,,,,MAIZE
2627000359,2026-04-29,AP29TA9501,,10390,4890,5500,,,,,,,,,,PADDY HUSK
2627000365,2026-04-29,AP29TA9501,,9850,4870,4980,,,,,,,,,,PADDY HUSK
2627000373,2026-04-30,AP39TJ6260,,14690,3640,11050,,,,,,,,,,MAIZE
2627000389,2026-04-30,AP39BL8765,,15680,3680,12000,,,,,,,,,,MAIZE
2627000392,2026-04-30,AP40FL0177,,15250,3970,11280,,,,,,,,,,MAIZE
2627000394,2026-04-30,AP40CA2390,,14130,3650,10480,,,,,,,,,,MAIZE
2627000401,2026-04-30,AP39FF0467,,15940,3920,12020,,,,,,,,,,MAIZE
2627000402,2026-04-30,FR,,15490,3760,11730,,,,,,,,,,MAIZE
2627000406,2026-04-30,AP40JW0341,,14370,3680,10690,,,,,,,,,,MAIZE
2627000407,2026-04-30,AP39WH5969,,13710,3820,9890,,,,,,,,,,MAIZE
2627000410,2026-04-30,AP39E0229,,13930,3690,10240,,,,,,,,,,MAIZE
2627000430,2026-05-01,AP39TJ6260,,13480,3640,9840,,,,,,,,,,MAIZE
2627000440,2026-05-01,AP39BL8765,,15330,3670,11660,,,,,,,,,,MAIZE
2627000442,2026-05-01,AP40FL0177,,15510,3870,11640,,,,,,,,,,MAIZE
2627000444,2026-05-01,AP39UF2130,,14130,3690,10440,,,,,,,,,,MAIZE
2627000445,2026-05-01,AP39FF0467,,16230,3920,12310,,,,,,,,,,MAIZE
2627000446,2026-05-01,AP40AZ8744,,12740,3690,9050,,,,,,,,,,MAIZE
2627000452,2026-05-01,AP39E0229,,13280,3690,9590,,,,,,,,,,MAIZE
2627000457,2026-05-01,AP27AG3389,,15410,3870,11540,,,,,,,,,,MAIZE
2627000458,2026-05-01,AP07TF6826,,21110,11940,9170,,,,,,,,,,MAIZE
2627000460,2026-05-02,FR,,14330,3750,10580,,,,,,,,,,MAIZE
2627000464,2026-05-02,AP40JW0341,,12270,3690,8580,,,,,,,,,,MAIZE
2627000465,2026-05-02,AP39UR2719,,13410,3660,9750,,,,,,,,,,MAIZE
2627000468,2026-05-02,AP29TA9501,,10210,4740,5470,,,,,,,,,,PADDY HUSK
2627000470,2026-05-02,AP39SZ6978,,12790,3620,9170,,,,,,,,,,MAIZE
2627000471,2026-05-02,AP39UY8209,,14090,3810,10280,,,,,,,,,,MAIZE
2627000472,2026-05-02,AP39E5166,,15600,3860,11740,,,,,,,,,,MAIZE
2627000477,2026-05-02,AP40FL0177,,15540,3890,11650,,,,,,,,,,MAIZE
2627000482,2026-05-02,AP16TA5895,,34190,8690,25500,,,,,,,,,,MAIZE
2627000493,2026-05-02,AP39FF0467,,15550,3920,11630,,,,,,,,,,MAIZE
2627000500,2026-05-02,FR,,15500,3750,11750,,,,,,,,,,MAIZE
2627000501,2026-05-02,AP40EX5896,,16370,4140,12230,,,,,,,,,,MAIZE
2627000515,2026-05-03,AP29TA9501,,10050,4830,5220,,,,,,,,,,PADDY HUSK
2627000518,2026-05-03,AP39TH0309,,14090,3680,10410,,,,,,,,,,MAIZE
2627000523,2026-05-03,AP27TZ3392,,13000,3710,9290,,,,,,,,,,MAIZE
2627000525,2026-05-03,AP40FL0177,,15490,3860,11630,,,,,,,,,,MAIZE
2627000531,2026-05-03,AP37SZ6978,,14040,3630,10410,,,,,,,,,,MAIZE
2627000532,2026-05-03,AP39BL8765,,15230,3670,11560,,,,,,,,,,MAIZE
2627000534,2026-05-03,AP16TA5517,,35730,10670,25060,,,,,,,,,,MAIZE
2627000546,2026-05-03,AP16TA5895,,26350,8720,17630,,,,,,,,,,MAIZE
2627000550,2026-05-03,TG07X2831,,31440,11890,19550,,,,,,,,,,PADDY HUSK
2627000564,2026-05-04,AP40EX5896,,15840,4130,11710,,,,,,,,,,MAIZE
2627000565,2026-05-04,AP27BS2364,,15440,3740,11700,,,,,,,,,,MAIZE
2627000591,2026-05-04,AP29TA9501,,10390,4880,5510,,,,,,,,,,PADDY HUSK
2627000594,2026-05-04,AP35Y1089,,36790,10720,26070,,,,,,,,,,MAIZE
2627000602,2026-05-05,TG07X2831,,32990,11770,21220,,,,,,,,,,PADDY HUSK
2627000631,2026-05-05,AP29TA9501,,10190,4850,5340,,,,,,,,,,PADDY HUSK
2627000657,2026-05-06,AP29TA9501,,10220,4860,5360,,,,,,,,,,PADDY HUSK
2627000663,2026-05-06,AP39WE5314,,51720,13900,37820,,,,,,,,,,MAIZE
2627000666,2026-05-06,AP16TC3029,,39760,10370,29390,,,,,,,,,,MAIZE
2627000678,2026-05-06,AP27BS2364,,14740,3730,11010,,,,,,,,,,MAIZE
2627000680,2026-05-06,AP27AG3389,,16110,3850,12260,,,,,,,,,,MAIZE
2627000682,2026-05-06,AP40FL0177,,14900,3870,11030,,,,,,,,,,MAIZE
2627000691,2026-05-07,AP39FF0467,,16800,3940,12860,,,,,,,,,,MAIZE
2627000692,2026-05-07,AP40EX5896,,15390,4130,11260,,,,,,,,,,MAIZE
2627000693,2026-05-07,AP27AA5163,,11770,3480,8290,,,,,,,,,,MAIZE
2627000694,2026-05-07,TG07X0711,,29870,11930,17940,,,,,,,,,,PADDY HUSK
2627000696,2026-05-07,AP39BL8765,,14300,3680,10620,,,,,,,,,,MAIZE
2627000705,2026-05-07,AP27BS2364,,12600,3740,8860,,,,,,,,,,MAIZE
2627000707,2026-05-07,AP40FL0177,,12050,3850,8200,,,,,,,,,,MAIZE
2627000712,2026-05-07,AP27AG3389,,9970,3850,6120,,,,,,,,,,MAIZE
2627000720,2026-05-07,AP40EM3520,,16230,3810,12420,,,,,,,,,,MAIZE
2627000735,2026-05-07,AP39FF0467,,16210,3920,12290,,,,,,,,,,MAIZE
2627000741,2026-05-07,AP40DT1074,,13630,3800,9830,,,,,,,,,,MAIZE
2627000744,2026-05-07,AP39BL8765,,14160,3670,10490,,,,,,,,,,MAIZE
2627000745,2026-05-07,AP39HJ1355,,14300,3790,10510,,,,,,,,,,MAIZE
2627000751,2026-05-08,AP40EM3520,,12830,3800,9030,,,,,,,,,,MAIZE
2627000754,2026-05-08,AP27BS2364,,14150,3730,10420,,,,,,,,,,MAIZE
2627000755,2026-05-08,AP40FL0177,,14410,3850,10560,,,,,,,,,,MAIZE
2627000762,2026-05-08,AP29TA9501,,10100,4870,5230,,,,,,,,,,PADDY HUSK
2627000771,2026-05-08,AP39WE5359,,48010,13930,34080,,,,,,,,,,MAIZE
2627000782,2026-05-08,FR,,12660,3780,8880,,,,,,,,,,MAIZE
2627000784,2026-05-08,AP39UU8974,,14050,3860,10190,,,,,,,,,,MAIZE
2627000787,2026-05-08,AP39DL8765,,14710,3700,11010,,,,,,,,,,MAIZE
2627000792,2026-05-08,AP40FL0177,,14920,3880,11040,,,,,,,,,,MAIZE
2627000824,2026-05-09,FR,,13620,3790,9830,,,,,,,,,,MAIZE
2627000858,2026-05-10,AP39UY8209,,13800,3860,9940,,,,,,,,,,MAIZE
2627000866,2026-05-10,AP27BS2364,,15360,3740,11620,,,,,,,,,,MAIZE
2627000868,2026-05-10,AP39FF0467,,16180,3920,12260,,,,,,,,,,MAIZE
2627000889,2026-05-11,AP39BL8765,,14990,3690,11300,,,,,,,,,,MAIZE
2627000890,2026-05-11,AP40FL0177,,15540,3870,11670,,,,,,,,,,MAIZE
2627000958,2026-05-12,AP07TF4049,,3490,1620,1870,,,,,,,,,,MAIZE
2627001011,2026-05-14,AP40JW0341,,14510,3680,10830,,,,,,,,,,MAIZE
